-- V3: Seed Demo Data
-- Adapted from database/demo.sql for Flyway (no USE statement, no COMMIT needed)
-- 130+ employees across USA, India, Mexico offices

SET FOREIGN_KEY_CHECKS=0;

INSERT INTO regions VALUES
    (10, 'Europe'),
    (20, 'Americas'),
    (30, 'Asia'),
    (40, 'Oceania'),
    (50, 'Africa');

INSERT INTO countries VALUES
    ('IT', 'Italy', 10), ('JP', 'Japan', 30), ('US', 'United States of America', 20),
    ('CA', 'Canada', 20), ('CN', 'China', 30), ('IN', 'India', 30),
    ('AU', 'Australia', 40), ('ZW', 'Zimbabwe', 50), ('SG', 'Singapore', 30),
    ('GB', 'United Kingdom of Great Britain and Northern Ireland', 10),
    ('FR', 'France', 10), ('DE', 'Germany', 10), ('ZM', 'Zambia', 50),
    ('EG', 'Egypt', 50), ('BR', 'Brazil', 20), ('CH', 'Switzerland', 10),
    ('NL', 'Netherlands', 10), ('MX', 'Mexico', 20), ('KW', 'Kuwait', 30),
    ('IL', 'Israel', 30), ('DK', 'Denmark', 10), ('ML', 'Malaysia', 30),
    ('NG', 'Nigeria', 50), ('AR', 'Argentina', 20), ('BE', 'Belgium', 10);

INSERT INTO locations VALUES
    (1000, '1297 Via Cola di Rie', '00989', 'Roma', NULL, 'IT'),
    (1100, '93091 Calle della Testa', '10934', 'Venice', NULL, 'IT'),
    (1200, '2017 Shinjuku-ku', '1689', 'Tokyo', 'Tokyo Prefecture', 'JP'),
    (1300, '9450 Kamiya-cho', '6823', 'Hiroshima', NULL, 'JP'),
    (1400, '2014 Jabberwocky Rd', '26192', 'Southlake', 'Texas', 'US'),
    (1500, '2011 Interiors Blvd', '99236', 'Seattle', 'Washington', 'US'),
    (1600, '2007 Zagora St', '50090', 'South Brunswick', 'New Jersey', 'US'),
    (1700, '2004 Charade Rd', '98199', 'Seattle', 'Washington', 'US'),
    (1800, '147 Spadina Ave', 'M5V 2L7', 'Toronto', 'Ontario', 'CA'),
    (1900, '6092 BOB Street', '02896', 'Cambridge', 'Massachusetts', 'US'),
    (2000, '8204 Arthur St', NULL, 'London', NULL, 'GB'),
    (2100, 'Obere Str. 57', '12209', 'Berlin', NULL, 'DE'),
    (2200, 'Wirth Gasse 75', '6900', 'Feldkirch', NULL, 'CH'),
    (2300, 'Starenweg 4', '8600', 'Zurich', NULL, 'CH'),
    (2400, '200 Bureaux', '75002', 'Paris', NULL, 'FR'),
    (2500, 'Pieter Breughelstraat 837', '3029SK', 'Rotterdam', NULL, 'NL'),
    (2600, 'Mariano Escobedo 9991', '11932', 'Mexico City', 'Distrito Federal', 'MX'),
    (2700, '9450 Kamiya-cho', '6823', 'Hiroshima', NULL, 'JP'),
    (2800, '2017 Shinjuku-ku', '1689', 'Tokyo', 'Tokyo Prefecture', 'JP'),
    (2900, 'Sanzamboidense 891', '14400', 'Buenos Aires', NULL, 'AR'),
    (3000, '9450 Kamiya-cho', '6823', 'Hiroshima', 'Hiroshima', 'JP'),
    (3100, 'Admiralty Street 71', 'AUSMEL', 'Melbourne', 'Victoria', 'AU'),
    (3200, '200 Sporting Even Blvd', 'TX 75020', 'Dallas', 'Texas', 'US'),
    (3300, '100 MG Road', '560001', 'Bangalore', 'Karnataka', 'IN'),
    (3400, 'Bandra Kurla Complex 201', '400051', 'Mumbai', 'Maharashtra', 'IN'),
    (3500, 'DLF Cyber City Phase 3', '122002', 'Gurugram', 'Haryana', 'IN'),
    (3600, 'Av. Paseo de la Reforma 505', '06500', 'Mexico City', 'Ciudad de Mexico', 'MX'),
    (3700, 'Blvd. Manuel Avila Camacho 1', '11000', 'Mexico City', 'Ciudad de Mexico', 'MX');

INSERT INTO departments (department_id, department_name, manager_id, location_id) VALUES
    (10,'Administration',200,1700),(20,'Marketing',201,1800),(30,'Purchasing',114,1700),
    (40,'Human Resources',203,2400),(50,'Shipping',121,1500),(60,'IT',103,1400),
    (70,'Public Relations',204,2700),(80,'Sales',145,2500),(90,'Executive',100,1700),
    (100,'Finance',108,1700),(110,'Accounting',205,1700),(120,'Treasury',NULL,1700),
    (130,'Corporate Tax',NULL,1700),(140,'Control And Audit',NULL,1700),
    (150,'Shareholder Services',NULL,1700),(160,'Benefits',NULL,1700),
    (170,'Manufacturing',NULL,1700),(180,'Construction',NULL,1700),
    (190,'Contracting',NULL,1700),(200,'Operations',NULL,1700),
    (210,'IT Support',NULL,1700),(220,'NOC',NULL,1700),(230,'IT Help Desk',NULL,1700),
    (240,'Government Sales',NULL,1700),(250,'Retail Sales',NULL,1700),
    (260,'Recruiting',NULL,1700),(270,'Payroll',NULL,1700),
    (280,'IT Development - India',NULL,3300),(290,'IT QA - India',NULL,3400),
    (300,'IT Infrastructure - India',NULL,3500),
    (310,'Sales - Mexico',NULL,3600),(320,'Customer Support - Mexico',NULL,3700);

INSERT INTO jobs VALUES
    ('AD_PRES','President',20000,40000),('AD_VP','Administration Vice President',15000,30000),
    ('AD_ASST','Administration Assistant',3000,6000),('FI_MGR','Finance Manager',8200,16400),
    ('FI_ACCOUNT','Accountant',4200,9000),('AC_MGR','Accounting Manager',8200,16400),
    ('AC_ACCOUNT','Public Accountant',4200,9000),('SA_MAN','Sales Manager',10000,20000),
    ('SA_REP','Sales Representative',6000,12000),('PU_MAN','Purchasing Manager',8000,15000),
    ('PU_CLERK','Purchasing Clerk',2500,5500),('ST_MAN','Stock Manager',5500,8500),
    ('ST_CLERK','Stock Clerk',2000,5000),('SH_CLERK','Shipping Clerk',2500,5500),
    ('IT_PROG','Programmer',4000,10000),('MK_MAN','Marketing Manager',9000,15000),
    ('MK_REP','Marketing Representative',4000,9000),
    ('HR_REP','Human Resources Representative',4000,9000),
    ('PR_REP','Public Relations Representative',4500,10500);

-- Core employees (USA)
INSERT INTO employees (employee_id,first_name,last_name,email,phone_number,hire_date,job_id,salary,commission_pct,manager_id,department_id) VALUES
    (100,'Steven','King','steven.king@sqltutorial.org','515.1234567',STR_TO_DATE('17-06-2013','%d-%m-%Y'),'AD_PRES',24000.00,NULL,NULL,90),
    (101,'Neena','Kochhar','neena.kochhar@sqltutorial.org','515.1234568',STR_TO_DATE('21-09-2015','%d-%m-%Y'),'AD_VP',17000.00,NULL,100,90),
    (102,'Lex','De Haan','lex.dehaan@sqltutorial.org','515.1234569',STR_TO_DATE('13-01-2011','%d-%m-%Y'),'AD_VP',17000.00,NULL,100,90),
    (103,'Alexander','Hunold','alexander.hunold@sqltutorial.org','590.221.2004',STR_TO_DATE('03-01-2016','%d-%m-%Y'),'IT_PROG',9000.00,NULL,102,60),
    (104,'Bruce','Ernst','bruce.ernst@sqltutorial.org','590.221.2004',STR_TO_DATE('21-05-2017','%d-%m-%Y'),'IT_PROG',6000.00,NULL,103,60),
    (105,'David','Austin','david.austin@sqltutorial.org','590.221.2004',STR_TO_DATE('25-06-2015','%d-%m-%Y'),'IT_PROG',4800.00,NULL,103,60),
    (106,'Valli','Pataballa','valli.pataballa@sqltutorial.org','590.221.2004',STR_TO_DATE('05-02-2016','%d-%m-%Y'),'IT_PROG',4800.00,NULL,103,60),
    (107,'Diana','Lorentz','diana.lorentz@sqltutorial.org','590.221.1843',STR_TO_DATE('07-02-2017','%d-%m-%Y'),'IT_PROG',4200.00,NULL,103,60),
    (108,'Nancy','Greenberg','nancy.greenberg@sqltutorial.org','515.204.4569',STR_TO_DATE('17-08-2012','%d-%m-%Y'),'FI_MGR',12000.00,NULL,101,100),
    (109,'Daniel','Faviet','daniel.faviet@sqltutorial.org','515.204.4169',STR_TO_DATE('16-08-2012','%d-%m-%Y'),'FI_ACCOUNT',9000.00,NULL,108,100),
    (110,'John','Chen','john.chen@sqltutorial.org','515.204.4269',STR_TO_DATE('28-09-2015','%d-%m-%Y'),'FI_ACCOUNT',8200.00,NULL,108,100),
    (111,'Ismael','Sciarra','ismael.sciarra@sqltutorial.org','515.204.4369',STR_TO_DATE('30-09-2015','%d-%m-%Y'),'FI_ACCOUNT',7700.00,NULL,108,100),
    (112,'Jose Manuel','Urman','josemanuel.urman@sqltutorial.org','515.204.4469',STR_TO_DATE('07-03-2016','%d-%m-%Y'),'FI_ACCOUNT',7800.00,NULL,108,100),
    (113,'Luis','Popp','luis.popp@sqltutorial.org','515.204.4567',STR_TO_DATE('07-12-2017','%d-%m-%Y'),'FI_ACCOUNT',6900.00,NULL,108,100),
    (114,'Den','Raphaely','den.raphaely@sqltutorial.org','515.127.4561',STR_TO_DATE('07-12-2012','%d-%m-%Y'),'PU_MAN',11000.00,NULL,100,30),
    (115,'Alexander','Khoo','alexander.khoo@sqltutorial.org','515.127.4562',STR_TO_DATE('18-05-2013','%d-%m-%Y'),'PU_CLERK',3100.00,NULL,114,30),
    (116,'Shelli','Baida','shelli.baida@sqltutorial.org','515.127.4563',STR_TO_DATE('24-12-2015','%d-%m-%Y'),'PU_CLERK',2900.00,NULL,114,30),
    (117,'Sigal','Tobias','sigal.tobias@sqltutorial.org','515.127.4564',STR_TO_DATE('24-07-2015','%d-%m-%Y'),'PU_CLERK',2800.00,NULL,114,30),
    (118,'Guy','Himuro','guy.himuro@sqltutorial.org','515.127.4565',STR_TO_DATE('15-11-2016','%d-%m-%Y'),'PU_CLERK',2600.00,NULL,114,30),
    (119,'Karen','Colmenares','karen.colmenares@sqltutorial.org','515.127.4566',STR_TO_DATE('10-08-2012','%d-%m-%Y'),'PU_CLERK',2500.00,NULL,114,30),
    (120,'Matthew','Weiss','matthew.weiss@sqltutorial.org','650.123.1234',STR_TO_DATE('18-07-2014','%d-%m-%Y'),'ST_MAN',8000.00,NULL,100,50),
    (121,'Adam','Johnson','adam.johnson@sqltutorial.org','650.123.3214',STR_TO_DATE('09-04-2015','%d-%m-%Y'),'ST_MAN',7000.00,NULL,100,50),
    (122,'Payam','Kaufling','payam.kaufling@sqltutorial.org','650.123.3235',STR_TO_DATE('01-05-2013','%d-%m-%Y'),'ST_MAN',7500.00,NULL,100,50),
    (123,'Shanta','Vollman','shanta.vollman@sqltutorial.org','650.123.4234',STR_TO_DATE('10-10-2005','%d-%m-%Y'),'ST_MAN',6500.00,NULL,100,50),
    (124,'Kevin','Mourgos','kevin.mourgos@sqltutorial.org','650.123.5234',STR_TO_DATE('16-11-2007','%d-%m-%Y'),'ST_MAN',5800.00,NULL,100,50),
    (125,'Julia','Nayer','julia.nayer@sqltutorial.org','650.124.1214',STR_TO_DATE('16-07-2014','%d-%m-%Y'),'ST_CLERK',3200.00,NULL,120,50),
    (126,'Irene','Mikkilineni','irene.mikkilineni@sqltutorial.org','650.124.1224',STR_TO_DATE('28-09-2015','%d-%m-%Y'),'ST_CLERK',2700.00,NULL,120,50),
    (127,'James','Landry','james.landry@sqltutorial.org','650.124.1334',STR_TO_DATE('14-01-2007','%d-%m-%Y'),'ST_CLERK',2400.00,NULL,120,50),
    (128,'Steven','Markle','steven.markle@sqltutorial.org','650.124.1434',STR_TO_DATE('08-03-2008','%d-%m-%Y'),'ST_CLERK',2200.00,NULL,120,50),
    (129,'Laura','Bissot','laura.bissot@sqltutorial.org','650.124.1534',STR_TO_DATE('20-08-2011','%d-%m-%Y'),'ST_CLERK',3300.00,NULL,121,50),
    (130,'Lois','Doran','lois.doran@sqltutorial.org','650.124.2234',STR_TO_DATE('24-12-2015','%d-%m-%Y'),'ST_CLERK',3600.00,NULL,121,50),
    (131,'Saralia','Carr','saralia.carr@sqltutorial.org','650.124.3214',STR_TO_DATE('29-01-2011','%d-%m-%Y'),'ST_CLERK',4200.00,NULL,121,50),
    (132,'Britney','Pierce','britney.pierce@sqltutorial.org','650.124.4214',STR_TO_DATE('03-03-2014','%d-%m-%Y'),'ST_CLERK',3900.00,NULL,121,50),
    (133,'Mario','SFoote','mario.sfoote@sqltutorial.org','650.124.4334',STR_TO_DATE('30-12-2015','%d-%m-%Y'),'ST_CLERK',3200.00,NULL,121,50),
    (134,'Nandita','Sarchand','nandita.sarchand@sqltutorial.org','650.124.5214',STR_TO_DATE('27-01-2012','%d-%m-%Y'),'ST_CLERK',4200.00,NULL,121,50),
    (135,'Alexa','Tena','alexa.tena@sqltutorial.org','650.124.6214',STR_TO_DATE('26-03-2013','%d-%m-%Y'),'ST_CLERK',3800.00,NULL,121,50),
    (136,'Hazel','Burton','hazel.burton@sqltutorial.org','650.124.7214',STR_TO_DATE('20-02-2013','%d-%m-%Y'),'ST_CLERK',3200.00,NULL,122,50),
    (137,'Renske','Ladwig','renske.ladwig@sqltutorial.org','650.124.8214',STR_TO_DATE('14-07-2013','%d-%m-%Y'),'ST_CLERK',3600.00,NULL,122,50),
    (138,'Stephen','Stiles','stephen.stiles@sqltutorial.org','650.124.9214',STR_TO_DATE('26-10-2005','%d-%m-%Y'),'ST_CLERK',3200.00,NULL,122,50),
    (139,'John','Seo','john.seo@sqltutorial.org','650.124.1213',STR_TO_DATE('12-02-2006','%d-%m-%Y'),'ST_CLERK',2700.00,NULL,122,50),
    (140,'Joshua','Turner','joshua.turner@sqltutorial.org','650.124.1214',STR_TO_DATE('24-03-2006','%d-%m-%Y'),'ST_CLERK',2800.00,NULL,122,50),
    (141,'Jean','Fleaur','jean.fleaur@sqltutorial.org','650.124.1216',STR_TO_DATE('23-01-2013','%d-%m-%Y'),'ST_CLERK',3100.00,NULL,122,50),
    (142,'Martha','Sullivan','martha.sullivan@sqltutorial.org','650.124.4234',STR_TO_DATE('21-06-2002','%d-%m-%Y'),'ST_CLERK',3200.00,NULL,122,50),
    (143,'Randall','Matos','randall.matos@sqltutorial.org','650.124.2334',STR_TO_DATE('15-03-2012','%d-%m-%Y'),'ST_CLERK',2600.00,NULL,123,50),
    (144,'Peter','Vargas','peter.vargas@sqltutorial.org','650.124.4334',STR_TO_DATE('09-07-2006','%d-%m-%Y'),'ST_CLERK',2500.00,NULL,123,50),
    (145,'John','Russell','john.russell@sqltutorial.org','011.44.1344.429268',STR_TO_DATE('01-10-2004','%d-%m-%Y'),'SA_MAN',14000.00,0.40,100,80),
    (146,'Karen','Partners','karen.partners@sqltutorial.org','011.44.1344.467268',STR_TO_DATE('05-01-2005','%d-%m-%Y'),'SA_MAN',13500.00,0.30,100,80),
    (147,'Alberto','Errazuriz','alberto.errazuriz@sqltutorial.org','011.44.1344.429278',STR_TO_DATE('10-03-2005','%d-%m-%Y'),'SA_MAN',12000.00,0.30,100,80),
    (148,'Gerald','Cambrault','gerald.cambrault@sqltutorial.org','011.44.1344.619268',STR_TO_DATE('15-10-2007','%d-%m-%Y'),'SA_MAN',11000.00,0.30,100,80),
    (149,'Eleni','Zlotkey','eleni.zlotkey@sqltutorial.org','011.44.1344.429018',STR_TO_DATE('29-01-2008','%d-%m-%Y'),'SA_MAN',10500.00,0.20,100,80),
    (150,'Peter','Tucker','peter.tucker@sqltutorial.org','011.44.1344.129268',STR_TO_DATE('30-01-2005','%d-%m-%Y'),'SA_REP',10000.00,0.30,145,80),
    (151,'David','Bernstein','david.bernstein@sqltutorial.org','011.44.1344.345268',STR_TO_DATE('24-03-2005','%d-%m-%Y'),'SA_REP',9500.00,0.25,145,80),
    (152,'Peter','Hall','peter.hall@sqltutorial.org','011.44.1344.478968',STR_TO_DATE('20-08-2005','%d-%m-%Y'),'SA_REP',9000.00,0.25,145,80),
    (153,'Christopher','Olsen','christopher.olsen@sqltutorial.org','011.44.1344.498718',STR_TO_DATE('30-03-2006','%d-%m-%Y'),'SA_REP',8000.00,0.20,145,80),
    (154,'Nanette','Cambrault','nanette.cambrault@sqltutorial.org','011.44.1344.987668',STR_TO_DATE('09-12-2006','%d-%m-%Y'),'SA_REP',7500.00,0.20,145,80),
    (155,'Oliver','Tuvault','oliver.tuvault@sqltutorial.org','011.44.1344.486465',STR_TO_DATE('23-10-2007','%d-%m-%Y'),'SA_REP',7000.00,0.15,145,80),
    (156,'Janette','King','janette.king@sqltutorial.org','011.44.1345.429268',STR_TO_DATE('30-01-2004','%d-%m-%Y'),'SA_REP',8500.00,0.35,146,80),
    (157,'Patrick','Sully','patrick.sully@sqltutorial.org','011.44.1345.929268',STR_TO_DATE('04-03-2004','%d-%m-%Y'),'SA_REP',9500.00,0.35,146,80),
    (158,'Allan','McEwen','allan.mcewen@sqltutorial.org','011.44.1345.829268',STR_TO_DATE('01-08-2004','%d-%m-%Y'),'SA_REP',9000.00,0.35,146,80),
    (159,'Lindsey','Smith','lindsey.smith@sqltutorial.org','011.44.1345.729268',STR_TO_DATE('10-03-2005','%d-%m-%Y'),'SA_REP',8000.00,0.30,146,80),
    (160,'Louise','Doran','louise.doran@sqltutorial.org','011.44.1345.629268',STR_TO_DATE('15-12-2005','%d-%m-%Y'),'SA_REP',7500.00,0.30,146,80),
    (161,'Sarath','Sewall','sarath.sewall@sqltutorial.org','011.44.1345.529268',STR_TO_DATE('03-11-2006','%d-%m-%Y'),'SA_REP',7000.00,0.25,146,80),
    (162,'Clara','Vishney','clara.vishney@sqltutorial.org','011.44.1345.429268',STR_TO_DATE('11-11-2005','%d-%m-%Y'),'SA_REP',10500.00,0.25,147,80),
    (163,'Danielle','Greene','danielle.greene@sqltutorial.org','011.44.1345.329268',STR_TO_DATE('19-03-2007','%d-%m-%Y'),'SA_REP',9500.00,0.15,147,80),
    (164,'Mattea','Martin','mattea.martin@sqltutorial.org','011.44.1345.229268',STR_TO_DATE('17-11-2009','%d-%m-%Y'),'SA_REP',7200.00,0.10,147,80),
    (165,'David','Lee','david.lee@sqltutorial.org','011.44.1345.129268',STR_TO_DATE('13-02-2008','%d-%m-%Y'),'SA_REP',6800.00,0.10,147,80),
    (166,'Sundar','Ande','sundar.ande@sqltutorial.org','011.44.1346.129268',STR_TO_DATE('24-03-2008','%d-%m-%Y'),'SA_REP',6400.00,0.10,147,80),
    (167,'Amit','Banda','amit.banda@sqltutorial.org','011.44.1346.229268',STR_TO_DATE('21-04-2008','%d-%m-%Y'),'SA_REP',6200.00,0.10,147,80),
    (168,'Lisa','Ozer','lisa.ozer@sqltutorial.org','011.44.1346.329268',STR_TO_DATE('11-03-2005','%d-%m-%Y'),'SA_REP',11500.00,0.25,148,80),
    (169,'Harrison','Bloom','harrison.bloom@sqltutorial.org','011.44.1346.429268',STR_TO_DATE('23-03-2006','%d-%m-%Y'),'SA_REP',10000.00,0.20,148,80),
    (170,'Tayler','Fox','tayler.fox@sqltutorial.org','011.44.1346.529268',STR_TO_DATE('24-01-2006','%d-%m-%Y'),'SA_REP',9600.00,0.20,148,80),
    (171,'William','Smith','william.smith@sqltutorial.org','011.44.1346.629268',STR_TO_DATE('23-02-2007','%d-%m-%Y'),'SA_REP',7400.00,0.15,148,80),
    (172,'Elizabeth','Bates','elizabeth.bates@sqltutorial.org','011.44.1346.729268',STR_TO_DATE('24-03-2007','%d-%m-%Y'),'SA_REP',7300.00,0.15,148,80),
    (173,'Sundita','Kumar','sundita.kumar@sqltutorial.org','011.44.1346.829268',STR_TO_DATE('21-04-2008','%d-%m-%Y'),'SA_REP',6100.00,0.10,148,80),
    (174,'Ellen','Abel','ellen.abel@sqltutorial.org','011.44.1346.929268',STR_TO_DATE('11-05-2004','%d-%m-%Y'),'SA_REP',11000.00,0.30,149,80),
    (175,'Alyssa','Hutton','alyssa.hutton@sqltutorial.org','011.44.1346.829268',STR_TO_DATE('19-03-2005','%d-%m-%Y'),'SA_REP',8800.00,0.25,149,80),
    (176,'Jonathon','Taylor','jonathon.taylor@sqltutorial.org','011.44.1346.719268',STR_TO_DATE('24-03-2006','%d-%m-%Y'),'SA_REP',8600.00,0.20,149,80),
    (177,'Jack','Livingston','jack.livingston@sqltutorial.org','011.44.1346.619268',STR_TO_DATE('23-04-2006','%d-%m-%Y'),'SA_REP',8400.00,0.15,149,80),
    (178,'Kimberely','Grant','kimberely.grant@sqltutorial.org','011.44.1346.519268',STR_TO_DATE('24-05-2007','%d-%m-%Y'),'SA_REP',7000.00,0.15,149,80),
    (179,'Charles','Johnson','charles.johnson@sqltutorial.org','011.44.1346.419268',STR_TO_DATE('04-01-2008','%d-%m-%Y'),'SA_REP',6200.00,0.10,149,80),
    (180,'Winston','Taylor','winston.taylor@sqltutorial.org','650.507.9222',STR_TO_DATE('24-01-2006','%d-%m-%Y'),'SH_CLERK',3200.00,NULL,120,50),
    (181,'Jean','Fleaur','jean.fleaur2@sqltutorial.org','650.507.9877',STR_TO_DATE('13-02-2016','%d-%m-%Y'),'SH_CLERK',3100.00,NULL,120,50),
    (182,'Martha','Sullivan','martha.sullivan2@sqltutorial.org','650.507.9811',STR_TO_DATE('30-06-2017','%d-%m-%Y'),'SH_CLERK',2500.00,NULL,120,50),
    (183,'Girard','Geoni','girard.geoni@sqltutorial.org','650.507.4850',STR_TO_DATE('03-02-2017','%d-%m-%Y'),'SH_CLERK',2800.00,NULL,120,50),
    (184,'Oscar','Turon','oscar.turon@sqltutorial.org','656.343.3322',STR_TO_DATE('23-11-2006','%d-%m-%Y'),'SH_CLERK',2600.00,NULL,121,50),
    (185,'Evette','Saylor','evette.saylor@sqltutorial.org','656.343.4192',STR_TO_DATE('12-03-2005','%d-%m-%Y'),'SH_CLERK',2500.00,NULL,121,50),
    (186,'Parker','Hutton','parker.hutton@sqltutorial.org','636.345.3071',STR_TO_DATE('23-05-2015','%d-%m-%Y'),'SH_CLERK',2500.00,NULL,121,50),
    (187,'Pradeep','Nayer','pradeep.nayer@sqltutorial.org','650.505.1647',STR_TO_DATE('16-12-2016','%d-%m-%Y'),'SH_CLERK',2400.00,NULL,121,50),
    (188,'Gloria','Greene','gloria.greene@sqltutorial.org','650.505.2143',STR_TO_DATE('13-07-2002','%d-%m-%Y'),'SH_CLERK',3500.00,NULL,121,50),
    (189,'Douglas','Grant','douglas.grant@sqltutorial.org','650.505.3426',STR_TO_DATE('13-01-2008','%d-%m-%Y'),'SH_CLERK',3300.00,NULL,122,50),
    (190,'Elyssa','Hutton','elyssa.hutton@sqltutorial.org','650.507.9633',STR_TO_DATE('11-02-2011','%d-%m-%Y'),'SH_CLERK',3100.00,NULL,122,50),
    (191,'TaVid','Bernstein','tavid.bernstein@sqltutorial.org','650.507.4103',STR_TO_DATE('24-03-2005','%d-%m-%Y'),'SH_CLERK',2800.00,NULL,123,50),
    (192,'Peter','Smith','peter.smith@sqltutorial.org','650.507.3908',STR_TO_DATE('30-07-2005','%d-%m-%Y'),'SH_CLERK',2600.00,NULL,123,50),
    (193,'Britney','Everett','britney.everett@sqltutorial.org','650.508.1135',STR_TO_DATE('21-03-2013','%d-%m-%Y'),'SH_CLERK',3900.00,NULL,123,50),
    (194,'Samuel','Kiss','samuel.kiss@sqltutorial.org','650.508.2858',STR_TO_DATE('24-07-2014','%d-%m-%Y'),'SH_CLERK',3800.00,NULL,123,50),
    (195,'Vance','Jones','vance.jones@sqltutorial.org','650.505.1949',STR_TO_DATE('12-03-2007','%d-%m-%Y'),'SH_CLERK',2800.00,NULL,120,50),
    (196,'Barry','Bacon','barry.bacon@sqltutorial.org','650.508.1090',STR_TO_DATE('24-06-2006','%d-%m-%Y'),'SH_CLERK',2800.00,NULL,120,50),
    (197,'Francesca','Cross','francesca.cross@sqltutorial.org','650.504.2758',STR_TO_DATE('23-05-2012','%d-%m-%Y'),'SH_CLERK',3000.00,NULL,120,50),
    (198,'Donna','Snythia','donna.snythia@sqltutorial.org','650.507.3369',STR_TO_DATE('30-03-2010','%d-%m-%Y'),'SH_CLERK',2800.00,NULL,123,50),
    (199,'Dorothy','Wallin','dorothy.wallin@sqltutorial.org','650.507.9833',STR_TO_DATE('24-04-2014','%d-%m-%Y'),'SH_CLERK',3300.00,NULL,123,50),
    (200,'Jennifer','Whalen','jennifer.whalen@sqltutorial.org','515.123.4444',STR_TO_DATE('17-09-2005','%d-%m-%Y'),'AD_ASST',4400.00,NULL,101,10),
    (201,'Michael','Hartstein','michael.hartstein@sqltutorial.org','515.123.5555',STR_TO_DATE('17-02-2004','%d-%m-%Y'),'MK_MAN',13000.00,NULL,100,20),
    (202,'Pat','Fay','pat.fay@sqltutorial.org','603.123.6666',STR_TO_DATE('17-08-2005','%d-%m-%Y'),'MK_REP',6000.00,NULL,201,20),
    (203,'Susan','Mavris','susan.mavris@sqltutorial.org','515.123.7777',STR_TO_DATE('07-06-2002','%d-%m-%Y'),'HR_REP',6500.00,NULL,101,40),
    (204,'Hermann','Baer','hermann.baer@sqltutorial.org','515.123.8888',STR_TO_DATE('07-06-2002','%d-%m-%Y'),'PR_REP',10000.00,NULL,101,70),
    (205,'Shelley','Higgins','shelley.higgins@sqltutorial.org','515.123.8080',STR_TO_DATE('07-06-2002','%d-%m-%Y'),'AC_MGR',12000.00,NULL,101,110),
    (206,'William','Gietz','william.gietz@sqltutorial.org','515.123.8181',STR_TO_DATE('07-06-2002','%d-%m-%Y'),'AC_ACCOUNT',8300.00,NULL,205,110),
    -- India
    (207,'Rajesh','Kumar','rajesh.kumar@sqltutorial.org','91.80.4567.1001',STR_TO_DATE('10-03-2018','%d-%m-%Y'),'IT_PROG',8500.00,NULL,103,280),
    (208,'Priya','Sharma','priya.sharma@sqltutorial.org','91.80.4567.1002',STR_TO_DATE('15-06-2019','%d-%m-%Y'),'IT_PROG',7200.00,NULL,207,280),
    (209,'Arjun','Patel','arjun.patel@sqltutorial.org','91.80.4567.1003',STR_TO_DATE('22-01-2020','%d-%m-%Y'),'IT_PROG',6800.00,NULL,207,280),
    (210,'Ananya','Reddy','ananya.reddy@sqltutorial.org','91.80.4567.1004',STR_TO_DATE('05-08-2021','%d-%m-%Y'),'IT_PROG',5500.00,NULL,207,280),
    (211,'Vikram','Singh','vikram.singh@sqltutorial.org','91.80.4567.1005',STR_TO_DATE('14-11-2022','%d-%m-%Y'),'IT_PROG',5000.00,NULL,207,280),
    (212,'Deepa','Nair','deepa.nair@sqltutorial.org','91.22.6789.2001',STR_TO_DATE('03-04-2019','%d-%m-%Y'),'IT_PROG',7800.00,NULL,103,290),
    (213,'Suresh','Iyer','suresh.iyer@sqltutorial.org','91.22.6789.2002',STR_TO_DATE('18-09-2020','%d-%m-%Y'),'IT_PROG',6200.00,NULL,212,290),
    (214,'Kavitha','Menon','kavitha.menon@sqltutorial.org','91.22.6789.2003',STR_TO_DATE('07-02-2021','%d-%m-%Y'),'IT_PROG',5800.00,NULL,212,290),
    (215,'Amit','Gupta','amit.gupta@sqltutorial.org','91.22.6789.2004',STR_TO_DATE('25-07-2023','%d-%m-%Y'),'IT_PROG',4800.00,NULL,212,290),
    (216,'Meera','Joshi','meera.joshi@sqltutorial.org','91.22.6789.2005',STR_TO_DATE('12-01-2025','%d-%m-%Y'),'IT_PROG',4500.00,NULL,212,290),
    (217,'Rahul','Verma','rahul.verma@sqltutorial.org','91.124.5678.3001',STR_TO_DATE('20-05-2017','%d-%m-%Y'),'IT_PROG',8800.00,NULL,103,300),
    (218,'Sneha','Chatterjee','sneha.chatterjee@sqltutorial.org','91.124.5678.3002',STR_TO_DATE('11-08-2020','%d-%m-%Y'),'IT_PROG',6500.00,NULL,217,300),
    (219,'Karthik','Rajan','karthik.rajan@sqltutorial.org','91.124.5678.3003',STR_TO_DATE('02-03-2022','%d-%m-%Y'),'IT_PROG',5200.00,NULL,217,300),
    (220,'Divya','Krishnan','divya.krishnan@sqltutorial.org','91.124.5678.3004',STR_TO_DATE('15-10-2025','%d-%m-%Y'),'IT_PROG',4200.00,NULL,217,300),
    -- Mexico
    (221,'Carlos','Garcia','carlos.garcia@sqltutorial.org','52.55.1234.5001',STR_TO_DATE('08-06-2016','%d-%m-%Y'),'SA_MAN',12000.00,0.30,145,310),
    (222,'Maria','Lopez','maria.lopez@sqltutorial.org','52.55.1234.5002',STR_TO_DATE('14-02-2018','%d-%m-%Y'),'SA_REP',8500.00,0.20,221,310),
    (223,'Alejandro','Martinez','alejandro.martinez@sqltutorial.org','52.55.1234.5003',STR_TO_DATE('22-09-2019','%d-%m-%Y'),'SA_REP',7800.00,0.20,221,310),
    (224,'Sofia','Rodriguez','sofia.rodriguez@sqltutorial.org','52.55.1234.5004',STR_TO_DATE('05-03-2021','%d-%m-%Y'),'SA_REP',7000.00,0.15,221,310),
    (225,'Diego','Hernandez','diego.hernandez@sqltutorial.org','52.55.1234.5005',STR_TO_DATE('19-07-2022','%d-%m-%Y'),'SA_REP',6500.00,0.15,221,310),
    (226,'Valentina','Flores','valentina.flores@sqltutorial.org','52.55.1234.5006',STR_TO_DATE('10-11-2024','%d-%m-%Y'),'SA_REP',6200.00,0.10,221,310),
    (227,'Fernando','Morales','fernando.morales@sqltutorial.org','52.55.6789.6001',STR_TO_DATE('17-04-2017','%d-%m-%Y'),'SH_CLERK',4200.00,NULL,221,320),
    (228,'Lucia','Sanchez','lucia.sanchez@sqltutorial.org','52.55.6789.6002',STR_TO_DATE('28-08-2019','%d-%m-%Y'),'SH_CLERK',3800.00,NULL,227,320),
    (229,'Miguel','Ramirez','miguel.ramirez@sqltutorial.org','52.55.6789.6003',STR_TO_DATE('03-01-2021','%d-%m-%Y'),'SH_CLERK',3500.00,NULL,227,320),
    (230,'Camila','Torres','camila.torres@sqltutorial.org','52.55.6789.6004',STR_TO_DATE('15-06-2023','%d-%m-%Y'),'SH_CLERK',3200.00,NULL,227,320),
    (231,'Andres','Diaz','andres.diaz@sqltutorial.org','52.55.6789.6005',STR_TO_DATE('20-02-2025','%d-%m-%Y'),'SH_CLERK',2800.00,NULL,227,320);

-- Update department managers for India/Mexico depts
UPDATE departments SET manager_id = 207 WHERE department_id = 280;
UPDATE departments SET manager_id = 212 WHERE department_id = 290;
UPDATE departments SET manager_id = 217 WHERE department_id = 300;
UPDATE departments SET manager_id = 221 WHERE department_id = 310;
UPDATE departments SET manager_id = 227 WHERE department_id = 320;

-- Update employment status/type for special cases (interns, on-leave, terminated)
UPDATE employees SET employment_type='INTERN', employment_status='PROBATION',
    contract_end_date='2026-08-31' WHERE employee_id IN (128,136);
UPDATE employees SET employment_status='ON_LEAVE' WHERE employee_id = 104;
UPDATE employees SET employment_status='TERMINATED', deleted_at='2026-01-15 00:00:00'
    WHERE employee_id IN (198,199);
UPDATE employees SET employment_type='CONTRACT', contract_end_date='2026-06-30'
    WHERE employee_id IN (118,119);
UPDATE employees SET employment_status='PROBATION' WHERE employee_id IN (216,220,231);
UPDATE employees SET employment_type='CONTRACT', contract_end_date='2026-12-31'
    WHERE employee_id = 226;

SET FOREIGN_KEY_CHECKS=1;
